value	y	yy	yyy	yyyy	m	mm	mmm	mmmm	mmmmm	d	dd	ddd	dddd
0	00	00	1900	1900	1	01	Jan	January	J	0	00	Sat	Saturday
10	00	00	1900	1900	1	01	Jan	January	J	10	10	Tue	Tuesday
20	00	00	1900	1900	1	01	Jan	January	J	20	20	Fri	Friday
30	00	00	1900	1900	1	01	Jan	January	J	30	30	Mon	Monday
40	00	00	1900	1900	2	02	Feb	February	F	9	09	Thu	Thursday
50	00	00	1900	1900	2	02	Feb	February	F	19	19	Sun	Sunday
60	00	00	1900	1900	2	02	Feb	February	F	29	29	Wed	Wednesday
70	00	00	1900	1900	3	03	Mar	March	M	10	10	Sat	Saturday
80	00	00	1900	1900	3	03	Mar	March	M	20	20	Tue	Tuesday
90	00	00	1900	1900	3	03	Mar	March	M	30	30	Fri	Friday
100	00	00	1900	1900	4	04	Apr	April	A	9	09	Mon	Monday
110	00	00	1900	1900	4	04	Apr	April	A	19	19	Thu	Thursday
120	00	00	1900	1900	4	04	Apr	April	A	29	29	Sun	Sunday
130	00	00	1900	1900	5	05	May	May	M	9	09	Wed	Wednesday
140	00	00	1900	1900	5	05	May	May	M	19	19	Sat	Saturday
150	00	00	1900	1900	5	05	May	May	M	29	29	Tue	Tuesday
160	00	00	1900	1900	6	06	Jun	June	J	8	08	Fri	Friday
170	00	00	1900	1900	6	06	Jun	June	J	18	18	Mon	Monday
180	00	00	1900	1900	6	06	Jun	June	J	28	28	Thu	Thursday
190	00	00	1900	1900	7	07	Jul	July	J	8	08	Sun	Sunday
200	00	00	1900	1900	7	07	Jul	July	J	18	18	Wed	Wednesday
210	00	00	1900	1900	7	07	Jul	July	J	28	28	Sat	Saturday
220	00	00	1900	1900	8	08	Aug	August	A	7	07	Tue	Tuesday
230	00	00	1900	1900	8	08	Aug	August	A	17	17	Fri	Friday
240	00	00	1900	1900	8	08	Aug	August	A	27	27	Mon	Monday
250	00	00	1900	1900	9	09	Sep	September	S	6	06	Thu	Thursday
260	00	00	1900	1900	9	09	Sep	September	S	16	16	Sun	Sunday
270	00	00	1900	1900	9	09	Sep	September	S	26	26	Wed	Wednesday
280	00	00	1900	1900	10	10	Oct	October	O	6	06	Sat	Saturday
290	00	00	1900	1900	10	10	Oct	October	O	16	16	Tue	Tuesday
300	00	00	1900	1900	10	10	Oct	October	O	26	26	Fri	Friday
310	00	00	1900	1900	11	11	Nov	November	N	5	05	Mon	Monday
320	00	00	1900	1900	11	11	Nov	November	N	15	15	Thu	Thursday
330	00	00	1900	1900	11	11	Nov	November	N	25	25	Sun	Sunday
340	00	00	1900	1900	12	12	Dec	December	D	5	05	Wed	Wednesday
350	00	00	1900	1900	12	12	Dec	December	D	15	15	Sat	Saturday
360	00	00	1900	1900	12	12	Dec	December	D	25	25	Tue	Tuesday
370	01	01	1901	1901	1	01	Jan	January	J	4	04	Fri	Friday
380	01	01	1901	1901	1	01	Jan	January	J	14	14	Mon	Monday
390	01	01	1901	1901	1	01	Jan	January	J	24	24	Thu	Thursday
400	01	01	1901	1901	2	02	Feb	February	F	3	03	Sun	Sunday
410	01	01	1901	1901	2	02	Feb	February	F	13	13	Wed	Wednesday
420	01	01	1901	1901	2	02	Feb	February	F	23	23	Sat	Saturday
430	01	01	1901	1901	3	03	Mar	March	M	5	05	Tue	Tuesday
440	01	01	1901	1901	3	03	Mar	March	M	15	15	Fri	Friday
450	01	01	1901	1901	3	03	Mar	March	M	25	25	Mon	Monday
460	01	01	1901	1901	4	04	Apr	April	A	4	04	Thu	Thursday
470	01	01	1901	1901	4	04	Apr	April	A	14	14	Sun	Sunday
480	01	01	1901	1901	4	04	Apr	April	A	24	24	Wed	Wednesday
490	01	01	1901	1901	5	05	May	May	M	4	04	Sat	Saturday
500	01	01	1901	1901	5	05	May	May	M	14	14	Tue	Tuesday
510	01	01	1901	1901	5	05	May	May	M	24	24	Fri	Friday
520	01	01	1901	1901	6	06	Jun	June	J	3	03	Mon	Monday
530	01	01	1901	1901	6	06	Jun	June	J	13	13	Thu	Thursday
540	01	01	1901	1901	6	06	Jun	June	J	23	23	Sun	Sunday
550	01	01	1901	1901	7	07	Jul	July	J	3	03	Wed	Wednesday
560	01	01	1901	1901	7	07	Jul	July	J	13	13	Sat	Saturday
570	01	01	1901	1901	7	07	Jul	July	J	23	23	Tue	Tuesday
580	01	01	1901	1901	8	08	Aug	August	A	2	02	Fri	Friday
590	01	01	1901	1901	8	08	Aug	August	A	12	12	Mon	Monday
600	01	01	1901	1901	8	08	Aug	August	A	22	22	Thu	Thursday
610	01	01	1901	1901	9	09	Sep	September	S	1	01	Sun	Sunday
620	01	01	1901	1901	9	09	Sep	September	S	11	11	Wed	Wednesday
630	01	01	1901	1901	9	09	Sep	September	S	21	21	Sat	Saturday
640	01	01	1901	1901	10	10	Oct	October	O	1	01	Tue	Tuesday
650	01	01	1901	1901	10	10	Oct	October	O	11	11	Fri	Friday
660	01	01	1901	1901	10	10	Oct	October	O	21	21	Mon	Monday
670	01	01	1901	1901	10	10	Oct	October	O	31	31	Thu	Thursday
680	01	01	1901	1901	11	11	Nov	November	N	10	10	Sun	Sunday
690	01	01	1901	1901	11	11	Nov	November	N	20	20	Wed	Wednesday
700	01	01	1901	1901	11	11	Nov	November	N	30	30	Sat	Saturday
710	01	01	1901	1901	12	12	Dec	December	D	10	10	Tue	Tuesday
720	01	01	1901	1901	12	12	Dec	December	D	20	20	Fri	Friday
730	01	01	1901	1901	12	12	Dec	December	D	30	30	Mon	Monday
740	02	02	1902	1902	1	01	Jan	January	J	9	09	Thu	Thursday
750	02	02	1902	1902	1	01	Jan	January	J	19	19	Sun	Sunday
760	02	02	1902	1902	1	01	Jan	January	J	29	29	Wed	Wednesday
770	02	02	1902	1902	2	02	Feb	February	F	8	08	Sat	Saturday
780	02	02	1902	1902	2	02	Feb	February	F	18	18	Tue	Tuesday
790	02	02	1902	1902	2	02	Feb	February	F	28	28	Fri	Friday
800	02	02	1902	1902	3	03	Mar	March	M	10	10	Mon	Monday
810	02	02	1902	1902	3	03	Mar	March	M	20	20	Thu	Thursday
820	02	02	1902	1902	3	03	Mar	March	M	30	30	Sun	Sunday
830	02	02	1902	1902	4	04	Apr	April	A	9	09	Wed	Wednesday
840	02	02	1902	1902	4	04	Apr	April	A	19	19	Sat	Saturday
850	02	02	1902	1902	4	04	Apr	April	A	29	29	Tue	Tuesday
860	02	02	1902	1902	5	05	May	May	M	9	09	Fri	Friday
870	02	02	1902	1902	5	05	May	May	M	19	19	Mon	Monday
880	02	02	1902	1902	5	05	May	May	M	29	29	Thu	Thursday
890	02	02	1902	1902	6	06	Jun	June	J	8	08	Sun	Sunday
900	02	02	1902	1902	6	06	Jun	June	J	18	18	Wed	Wednesday
910	02	02	1902	1902	6	06	Jun	June	J	28	28	Sat	Saturday
920	02	02	1902	1902	7	07	Jul	July	J	8	08	Tue	Tuesday
930	02	02	1902	1902	7	07	Jul	July	J	18	18	Fri	Friday
940	02	02	1902	1902	7	07	Jul	July	J	28	28	Mon	Monday
950	02	02	1902	1902	8	08	Aug	August	A	7	07	Thu	Thursday
960	02	02	1902	1902	8	08	Aug	August	A	17	17	Sun	Sunday
970	02	02	1902	1902	8	08	Aug	August	A	27	27	Wed	Wednesday
980	02	02	1902	1902	9	09	Sep	September	S	6	06	Sat	Saturday
990	02	02	1902	1902	9	09	Sep	September	S	16	16	Tue	Tuesday
1000	02	02	1902	1902	9	09	Sep	September	S	26	26	Fri	Friday
1010	02	02	1902	1902	10	10	Oct	October	O	6	06	Mon	Monday
1020	02	02	1902	1902	10	10	Oct	October	O	16	16	Thu	Thursday
1030	02	02	1902	1902	10	10	Oct	October	O	26	26	Sun	Sunday
1040	02	02	1902	1902	11	11	Nov	November	N	5	05	Wed	Wednesday
1050	02	02	1902	1902	11	11	Nov	November	N	15	15	Sat	Saturday
1060	02	02	1902	1902	11	11	Nov	November	N	25	25	Tue	Tuesday
1070	02	02	1902	1902	12	12	Dec	December	D	5	05	Fri	Friday
1080	02	02	1902	1902	12	12	Dec	December	D	15	15	Mon	Monday
1090	02	02	1902	1902	12	12	Dec	December	D	25	25	Thu	Thursday
1100	03	03	1903	1903	1	01	Jan	January	J	4	04	Sun	Sunday
1110	03	03	1903	1903	1	01	Jan	January	J	14	14	Wed	Wednesday
1120	03	03	1903	1903	1	01	Jan	January	J	24	24	Sat	Saturday
1130	03	03	1903	1903	2	02	Feb	February	F	3	03	Tue	Tuesday
1140	03	03	1903	1903	2	02	Feb	February	F	13	13	Fri	Friday
1150	03	03	1903	1903	2	02	Feb	February	F	23	23	Mon	Monday
1160	03	03	1903	1903	3	03	Mar	March	M	5	05	Thu	Thursday
1170	03	03	1903	1903	3	03	Mar	March	M	15	15	Sun	Sunday
1180	03	03	1903	1903	3	03	Mar	March	M	25	25	Wed	Wednesday
1190	03	03	1903	1903	4	04	Apr	April	A	4	04	Sat	Saturday
1200	03	03	1903	1903	4	04	Apr	April	A	14	14	Tue	Tuesday
1210	03	03	1903	1903	4	04	Apr	April	A	24	24	Fri	Friday
1220	03	03	1903	1903	5	05	May	May	M	4	04	Mon	Monday
1230	03	03	1903	1903	5	05	May	May	M	14	14	Thu	Thursday
1240	03	03	1903	1903	5	05	May	May	M	24	24	Sun	Sunday
1250	03	03	1903	1903	6	06	Jun	June	J	3	03	Wed	Wednesday
1260	03	03	1903	1903	6	06	Jun	June	J	13	13	Sat	Saturday
1270	03	03	1903	1903	6	06	Jun	June	J	23	23	Tue	Tuesday
1280	03	03	1903	1903	7	07	Jul	July	J	3	03	Fri	Friday
1290	03	03	1903	1903	7	07	Jul	July	J	13	13	Mon	Monday
1300	03	03	1903	1903	7	07	Jul	July	J	23	23	Thu	Thursday
1310	03	03	1903	1903	8	08	Aug	August	A	2	02	Sun	Sunday
1320	03	03	1903	1903	8	08	Aug	August	A	12	12	Wed	Wednesday
1330	03	03	1903	1903	8	08	Aug	August	A	22	22	Sat	Saturday
1340	03	03	1903	1903	9	09	Sep	September	S	1	01	Tue	Tuesday
1350	03	03	1903	1903	9	09	Sep	September	S	11	11	Fri	Friday
1360	03	03	1903	1903	9	09	Sep	September	S	21	21	Mon	Monday
1370	03	03	1903	1903	10	10	Oct	October	O	1	01	Thu	Thursday
1380	03	03	1903	1903	10	10	Oct	October	O	11	11	Sun	Sunday
1390	03	03	1903	1903	10	10	Oct	October	O	21	21	Wed	Wednesday
1400	03	03	1903	1903	10	10	Oct	October	O	31	31	Sat	Saturday
1410	03	03	1903	1903	11	11	Nov	November	N	10	10	Tue	Tuesday
1420	03	03	1903	1903	11	11	Nov	November	N	20	20	Fri	Friday
1430	03	03	1903	1903	11	11	Nov	November	N	30	30	Mon	Monday
1440	03	03	1903	1903	12	12	Dec	December	D	10	10	Thu	Thursday
1450	03	03	1903	1903	12	12	Dec	December	D	20	20	Sun	Sunday
1460	03	03	1903	1903	12	12	Dec	December	D	30	30	Wed	Wednesday
1470	04	04	1904	1904	1	01	Jan	January	J	9	09	Sat	Saturday
1480	04	04	1904	1904	1	01	Jan	January	J	19	19	Tue	Tuesday
1490	04	04	1904	1904	1	01	Jan	January	J	29	29	Fri	Friday
1500	04	04	1904	1904	2	02	Feb	February	F	8	08	Mon	Monday
1510	04	04	1904	1904	2	02	Feb	February	F	18	18	Thu	Thursday
1520	04	04	1904	1904	2	02	Feb	February	F	28	28	Sun	Sunday
1530	04	04	1904	1904	3	03	Mar	March	M	9	09	Wed	Wednesday
1540	04	04	1904	1904	3	03	Mar	March	M	19	19	Sat	Saturday
1550	04	04	1904	1904	3	03	Mar	March	M	29	29	Tue	Tuesday
1560	04	04	1904	1904	4	04	Apr	April	A	8	08	Fri	Friday
1570	04	04	1904	1904	4	04	Apr	April	A	18	18	Mon	Monday
1580	04	04	1904	1904	4	04	Apr	April	A	28	28	Thu	Thursday
1590	04	04	1904	1904	5	05	May	May	M	8	08	Sun	Sunday
1600	04	04	1904	1904	5	05	May	May	M	18	18	Wed	Wednesday
1610	04	04	1904	1904	5	05	May	May	M	28	28	Sat	Saturday
1620	04	04	1904	1904	6	06	Jun	June	J	7	07	Tue	Tuesday
1630	04	04	1904	1904	6	06	Jun	June	J	17	17	Fri	Friday
1640	04	04	1904	1904	6	06	Jun	June	J	27	27	Mon	Monday
1650	04	04	1904	1904	7	07	Jul	July	J	7	07	Thu	Thursday
1660	04	04	1904	1904	7	07	Jul	July	J	17	17	Sun	Sunday
1670	04	04	1904	1904	7	07	Jul	July	J	27	27	Wed	Wednesday
1680	04	04	1904	1904	8	08	Aug	August	A	6	06	Sat	Saturday
1690	04	04	1904	1904	8	08	Aug	August	A	16	16	Tue	Tuesday
1700	04	04	1904	1904	8	08	Aug	August	A	26	26	Fri	Friday
1710	04	04	1904	1904	9	09	Sep	September	S	5	05	Mon	Monday
1720	04	04	1904	1904	9	09	Sep	September	S	15	15	Thu	Thursday
1730	04	04	1904	1904	9	09	Sep	September	S	25	25	Sun	Sunday
1740	04	04	1904	1904	10	10	Oct	October	O	5	05	Wed	Wednesday
1750	04	04	1904	1904	10	10	Oct	October	O	15	15	Sat	Saturday
1760	04	04	1904	1904	10	10	Oct	October	O	25	25	Tue	Tuesday
1770	04	04	1904	1904	11	11	Nov	November	N	4	04	Fri	Friday
1780	04	04	1904	1904	11	11	Nov	November	N	14	14	Mon	Monday
1790	04	04	1904	1904	11	11	Nov	November	N	24	24	Thu	Thursday
1800	04	04	1904	1904	12	12	Dec	December	D	4	04	Sun	Sunday
1810	04	04	1904	1904	12	12	Dec	December	D	14	14	Wed	Wednesday
1820	04	04	1904	1904	12	12	Dec	December	D	24	24	Sat	Saturday
1830	05	05	1905	1905	1	01	Jan	January	J	3	03	Tue	Tuesday
1840	05	05	1905	1905	1	01	Jan	January	J	13	13	Fri	Friday
1850	05	05	1905	1905	1	01	Jan	January	J	23	23	Mon	Monday
1860	05	05	1905	1905	2	02	Feb	February	F	2	02	Thu	Thursday
1870	05	05	1905	1905	2	02	Feb	February	F	12	12	Sun	Sunday
1880	05	05	1905	1905	2	02	Feb	February	F	22	22	Wed	Wednesday
1890	05	05	1905	1905	3	03	Mar	March	M	4	04	Sat	Saturday
1900	05	05	1905	1905	3	03	Mar	March	M	14	14	Tue	Tuesday
1910	05	05	1905	1905	3	03	Mar	March	M	24	24	Fri	Friday
1920	05	05	1905	1905	4	04	Apr	April	A	3	03	Mon	Monday
1930	05	05	1905	1905	4	04	Apr	April	A	13	13	Thu	Thursday
1940	05	05	1905	1905	4	04	Apr	April	A	23	23	Sun	Sunday
1950	05	05	1905	1905	5	05	May	May	M	3	03	Wed	Wednesday
1960	05	05	1905	1905	5	05	May	May	M	13	13	Sat	Saturday
1970	05	05	1905	1905	5	05	May	May	M	23	23	Tue	Tuesday
1980	05	05	1905	1905	6	06	Jun	June	J	2	02	Fri	Friday
1990	05	05	1905	1905	6	06	Jun	June	J	12	12	Mon	Monday
2000	05	05	1905	1905	6	06	Jun	June	J	22	22	Thu	Thursday
2010	05	05	1905	1905	7	07	Jul	July	J	2	02	Sun	Sunday
2020	05	05	1905	1905	7	07	Jul	July	J	12	12	Wed	Wednesday
2030	05	05	1905	1905	7	07	Jul	July	J	22	22	Sat	Saturday
2040	05	05	1905	1905	8	08	Aug	August	A	1	01	Tue	Tuesday
2050	05	05	1905	1905	8	08	Aug	August	A	11	11	Fri	Friday
2060	05	05	1905	1905	8	08	Aug	August	A	21	21	Mon	Monday
2070	05	05	1905	1905	8	08	Aug	August	A	31	31	Thu	Thursday
2080	05	05	1905	1905	9	09	Sep	September	S	10	10	Sun	Sunday
2090	05	05	1905	1905	9	09	Sep	September	S	20	20	Wed	Wednesday
2100	05	05	1905	1905	9	09	Sep	September	S	30	30	Sat	Saturday
2110	05	05	1905	1905	10	10	Oct	October	O	10	10	Tue	Tuesday
2120	05	05	1905	1905	10	10	Oct	October	O	20	20	Fri	Friday
2130	05	05	1905	1905	10	10	Oct	October	O	30	30	Mon	Monday
2140	05	05	1905	1905	11	11	Nov	November	N	9	09	Thu	Thursday
2150	05	05	1905	1905	11	11	Nov	November	N	19	19	Sun	Sunday
2160	05	05	1905	1905	11	11	Nov	November	N	29	29	Wed	Wednesday
2170	05	05	1905	1905	12	12	Dec	December	D	9	09	Sat	Saturday
2180	05	05	1905	1905	12	12	Dec	December	D	19	19	Tue	Tuesday
2190	05	05	1905	1905	12	12	Dec	December	D	29	29	Fri	Friday
2200	06	06	1906	1906	1	01	Jan	January	J	8	08	Mon	Monday
2210	06	06	1906	1906	1	01	Jan	January	J	18	18	Thu	Thursday
2220	06	06	1906	1906	1	01	Jan	January	J	28	28	Sun	Sunday
2230	06	06	1906	1906	2	02	Feb	February	F	7	07	Wed	Wednesday
2240	06	06	1906	1906	2	02	Feb	February	F	17	17	Sat	Saturday
2250	06	06	1906	1906	2	02	Feb	February	F	27	27	Tue	Tuesday
2260	06	06	1906	1906	3	03	Mar	March	M	9	09	Fri	Friday
2270	06	06	1906	1906	3	03	Mar	March	M	19	19	Mon	Monday
2280	06	06	1906	1906	3	03	Mar	March	M	29	29	Thu	Thursday
2290	06	06	1906	1906	4	04	Apr	April	A	8	08	Sun	Sunday
2300	06	06	1906	1906	4	04	Apr	April	A	18	18	Wed	Wednesday
2310	06	06	1906	1906	4	04	Apr	April	A	28	28	Sat	Saturday
2320	06	06	1906	1906	5	05	May	May	M	8	08	Tue	Tuesday
2330	06	06	1906	1906	5	05	May	May	M	18	18	Fri	Friday
2340	06	06	1906	1906	5	05	May	May	M	28	28	Mon	Monday
2350	06	06	1906	1906	6	06	Jun	June	J	7	07	Thu	Thursday
2360	06	06	1906	1906	6	06	Jun	June	J	17	17	Sun	Sunday
2370	06	06	1906	1906	6	06	Jun	June	J	27	27	Wed	Wednesday
2380	06	06	1906	1906	7	07	Jul	July	J	7	07	Sat	Saturday
2390	06	06	1906	1906	7	07	Jul	July	J	17	17	Tue	Tuesday
2400	06	06	1906	1906	7	07	Jul	July	J	27	27	Fri	Friday
2410	06	06	1906	1906	8	08	Aug	August	A	6	06	Mon	Monday
2420	06	06	1906	1906	8	08	Aug	August	A	16	16	Thu	Thursday
2430	06	06	1906	1906	8	08	Aug	August	A	26	26	Sun	Sunday
2440	06	06	1906	1906	9	09	Sep	September	S	5	05	Wed	Wednesday
2450	06	06	1906	1906	9	09	Sep	September	S	15	15	Sat	Saturday
2460	06	06	1906	1906	9	09	Sep	September	S	25	25	Tue	Tuesday
2470	06	06	1906	1906	10	10	Oct	October	O	5	05	Fri	Friday
2480	06	06	1906	1906	10	10	Oct	October	O	15	15	Mon	Monday
2490	06	06	1906	1906	10	10	Oct	October	O	25	25	Thu	Thursday
2500	06	06	1906	1906	11	11	Nov	November	N	4	04	Sun	Sunday
2510	06	06	1906	1906	11	11	Nov	November	N	14	14	Wed	Wednesday
2520	06	06	1906	1906	11	11	Nov	November	N	24	24	Sat	Saturday
2530	06	06	1906	1906	12	12	Dec	December	D	4	04	Tue	Tuesday
2540	06	06	1906	1906	12	12	Dec	December	D	14	14	Fri	Friday
2550	06	06	1906	1906	12	12	Dec	December	D	24	24	Mon	Monday
2560	07	07	1907	1907	1	01	Jan	January	J	3	03	Thu	Thursday
2570	07	07	1907	1907	1	01	Jan	January	J	13	13	Sun	Sunday
2580	07	07	1907	1907	1	01	Jan	January	J	23	23	Wed	Wednesday
2590	07	07	1907	1907	2	02	Feb	February	F	2	02	Sat	Saturday
2600	07	07	1907	1907	2	02	Feb	February	F	12	12	Tue	Tuesday
2610	07	07	1907	1907	2	02	Feb	February	F	22	22	Fri	Friday
2620	07	07	1907	1907	3	03	Mar	March	M	4	04	Mon	Monday
2630	07	07	1907	1907	3	03	Mar	March	M	14	14	Thu	Thursday
2640	07	07	1907	1907	3	03	Mar	March	M	24	24	Sun	Sunday
2650	07	07	1907	1907	4	04	Apr	April	A	3	03	Wed	Wednesday
2660	07	07	1907	1907	4	04	Apr	April	A	13	13	Sat	Saturday
2670	07	07	1907	1907	4	04	Apr	April	A	23	23	Tue	Tuesday
2680	07	07	1907	1907	5	05	May	May	M	3	03	Fri	Friday
2690	07	07	1907	1907	5	05	May	May	M	13	13	Mon	Monday
2700	07	07	1907	1907	5	05	May	May	M	23	23	Thu	Thursday
2710	07	07	1907	1907	6	06	Jun	June	J	2	02	Sun	Sunday
2720	07	07	1907	1907	6	06	Jun	June	J	12	12	Wed	Wednesday
2730	07	07	1907	1907	6	06	Jun	June	J	22	22	Sat	Saturday
2740	07	07	1907	1907	7	07	Jul	July	J	2	02	Tue	Tuesday
2750	07	07	1907	1907	7	07	Jul	July	J	12	12	Fri	Friday
2760	07	07	1907	1907	7	07	Jul	July	J	22	22	Mon	Monday
2770	07	07	1907	1907	8	08	Aug	August	A	1	01	Thu	Thursday
2780	07	07	1907	1907	8	08	Aug	August	A	11	11	Sun	Sunday
2790	07	07	1907	1907	8	08	Aug	August	A	21	21	Wed	Wednesday
2800	07	07	1907	1907	8	08	Aug	August	A	31	31	Sat	Saturday
2810	07	07	1907	1907	9	09	Sep	September	S	10	10	Tue	Tuesday
2820	07	07	1907	1907	9	09	Sep	September	S	20	20	Fri	Friday
2830	07	07	1907	1907	9	09	Sep	September	S	30	30	Mon	Monday
2840	07	07	1907	1907	10	10	Oct	October	O	10	10	Thu	Thursday
2850	07	07	1907	1907	10	10	Oct	October	O	20	20	Sun	Sunday
2860	07	07	1907	1907	10	10	Oct	October	O	30	30	Wed	Wednesday
2870	07	07	1907	1907	11	11	Nov	November	N	9	09	Sat	Saturday
2880	07	07	1907	1907	11	11	Nov	November	N	19	19	Tue	Tuesday
2890	07	07	1907	1907	11	11	Nov	November	N	29	29	Fri	Friday
2900	07	07	1907	1907	12	12	Dec	December	D	9	09	Mon	Monday
2910	07	07	1907	1907	12	12	Dec	December	D	19	19	Thu	Thursday
2920	07	07	1907	1907	12	12	Dec	December	D	29	29	Sun	Sunday
2930	08	08	1908	1908	1	01	Jan	January	J	8	08	Wed	Wednesday
2940	08	08	1908	1908	1	01	Jan	January	J	18	18	Sat	Saturday
2950	08	08	1908	1908	1	01	Jan	January	J	28	28	Tue	Tuesday
2960	08	08	1908	1908	2	02	Feb	February	F	7	07	Fri	Friday
2970	08	08	1908	1908	2	02	Feb	February	F	17	17	Mon	Monday
2980	08	08	1908	1908	2	02	Feb	February	F	27	27	Thu	Thursday
2990	08	08	1908	1908	3	03	Mar	March	M	8	08	Sun	Sunday
3000	08	08	1908	1908	3	03	Mar	March	M	18	18	Wed	Wednesday
3010	08	08	1908	1908	3	03	Mar	March	M	28	28	Sat	Saturday
3020	08	08	1908	1908	4	04	Apr	April	A	7	07	Tue	Tuesday
3030	08	08	1908	1908	4	04	Apr	April	A	17	17	Fri	Friday
3040	08	08	1908	1908	4	04	Apr	April	A	27	27	Mon	Monday
3050	08	08	1908	1908	5	05	May	May	M	7	07	Thu	Thursday
3060	08	08	1908	1908	5	05	May	May	M	17	17	Sun	Sunday
3070	08	08	1908	1908	5	05	May	May	M	27	27	Wed	Wednesday
3080	08	08	1908	1908	6	06	Jun	June	J	6	06	Sat	Saturday
3090	08	08	1908	1908	6	06	Jun	June	J	16	16	Tue	Tuesday
3100	08	08	1908	1908	6	06	Jun	June	J	26	26	Fri	Friday
3110	08	08	1908	1908	7	07	Jul	July	J	6	06	Mon	Monday
3120	08	08	1908	1908	7	07	Jul	July	J	16	16	Thu	Thursday
3130	08	08	1908	1908	7	07	Jul	July	J	26	26	Sun	Sunday
3140	08	08	1908	1908	8	08	Aug	August	A	5	05	Wed	Wednesday
3150	08	08	1908	1908	8	08	Aug	August	A	15	15	Sat	Saturday
3160	08	08	1908	1908	8	08	Aug	August	A	25	25	Tue	Tuesday
3170	08	08	1908	1908	9	09	Sep	September	S	4	04	Fri	Friday
3180	08	08	1908	1908	9	09	Sep	September	S	14	14	Mon	Monday
3190	08	08	1908	1908	9	09	Sep	September	S	24	24	Thu	Thursday
3200	08	08	1908	1908	10	10	Oct	October	O	4	04	Sun	Sunday
3210	08	08	1908	1908	10	10	Oct	October	O	14	14	Wed	Wednesday
3220	08	08	1908	1908	10	10	Oct	October	O	24	24	Sat	Saturday
3230	08	08	1908	1908	11	11	Nov	November	N	3	03	Tue	Tuesday
3240	08	08	1908	1908	11	11	Nov	November	N	13	13	Fri	Friday
3250	08	08	1908	1908	11	11	Nov	November	N	23	23	Mon	Monday
3260	08	08	1908	1908	12	12	Dec	December	D	3	03	Thu	Thursday
3270	08	08	1908	1908	12	12	Dec	December	D	13	13	Sun	Sunday
3280	08	08	1908	1908	12	12	Dec	December	D	23	23	Wed	Wednesday
3290	09	09	1909	1909	1	01	Jan	January	J	2	02	Sat	Saturday
3300	09	09	1909	1909	1	01	Jan	January	J	12	12	Tue	Tuesday
3310	09	09	1909	1909	1	01	Jan	January	J	22	22	Fri	Friday
3320	09	09	1909	1909	2	02	Feb	February	F	1	01	Mon	Monday
3330	09	09	1909	1909	2	02	Feb	February	F	11	11	Thu	Thursday
3340	09	09	1909	1909	2	02	Feb	February	F	21	21	Sun	Sunday
3350	09	09	1909	1909	3	03	Mar	March	M	3	03	Wed	Wednesday
3360	09	09	1909	1909	3	03	Mar	March	M	13	13	Sat	Saturday
3370	09	09	1909	1909	3	03	Mar	March	M	23	23	Tue	Tuesday
3380	09	09	1909	1909	4	04	Apr	April	A	2	02	Fri	Friday
3390	09	09	1909	1909	4	04	Apr	April	A	12	12	Mon	Monday
3400	09	09	1909	1909	4	04	Apr	April	A	22	22	Thu	Thursday
3410	09	09	1909	1909	5	05	May	May	M	2	02	Sun	Sunday
3420	09	09	1909	1909	5	05	May	May	M	12	12	Wed	Wednesday
3430	09	09	1909	1909	5	05	May	May	M	22	22	Sat	Saturday
3440	09	09	1909	1909	6	06	Jun	June	J	1	01	Tue	Tuesday
3450	09	09	1909	1909	6	06	Jun	June	J	11	11	Fri	Friday
3460	09	09	1909	1909	6	06	Jun	June	J	21	21	Mon	Monday
3470	09	09	1909	1909	7	07	Jul	July	J	1	01	Thu	Thursday
3480	09	09	1909	1909	7	07	Jul	July	J	11	11	Sun	Sunday
3490	09	09	1909	1909	7	07	Jul	July	J	21	21	Wed	Wednesday
3500	09	09	1909	1909	7	07	Jul	July	J	31	31	Sat	Saturday
3510	09	09	1909	1909	8	08	Aug	August	A	10	10	Tue	Tuesday
3520	09	09	1909	1909	8	08	Aug	August	A	20	20	Fri	Friday
3530	09	09	1909	1909	8	08	Aug	August	A	30	30	Mon	Monday
3540	09	09	1909	1909	9	09	Sep	September	S	9	09	Thu	Thursday
3550	09	09	1909	1909	9	09	Sep	September	S	19	19	Sun	Sunday
3560	09	09	1909	1909	9	09	Sep	September	S	29	29	Wed	Wednesday
3570	09	09	1909	1909	10	10	Oct	October	O	9	09	Sat	Saturday
3580	09	09	1909	1909	10	10	Oct	October	O	19	19	Tue	Tuesday
3590	09	09	1909	1909	10	10	Oct	October	O	29	29	Fri	Friday
3600	09	09	1909	1909	11	11	Nov	November	N	8	08	Mon	Monday
3610	09	09	1909	1909	11	11	Nov	November	N	18	18	Thu	Thursday
3620	09	09	1909	1909	11	11	Nov	November	N	28	28	Sun	Sunday
3630	09	09	1909	1909	12	12	Dec	December	D	8	08	Wed	Wednesday
3640	09	09	1909	1909	12	12	Dec	December	D	18	18	Sat	Saturday
3650	09	09	1909	1909	12	12	Dec	December	D	28	28	Tue	Tuesday
3660	10	10	1910	1910	1	01	Jan	January	J	7	07	Fri	Friday
3670	10	10	1910	1910	1	01	Jan	January	J	17	17	Mon	Monday
3680	10	10	1910	1910	1	01	Jan	January	J	27	27	Thu	Thursday
3690	10	10	1910	1910	2	02	Feb	February	F	6	06	Sun	Sunday
3700	10	10	1910	1910	2	02	Feb	February	F	16	16	Wed	Wednesday
3710	10	10	1910	1910	2	02	Feb	February	F	26	26	Sat	Saturday
3720	10	10	1910	1910	3	03	Mar	March	M	8	08	Tue	Tuesday
3730	10	10	1910	1910	3	03	Mar	March	M	18	18	Fri	Friday
3740	10	10	1910	1910	3	03	Mar	March	M	28	28	Mon	Monday
3750	10	10	1910	1910	4	04	Apr	April	A	7	07	Thu	Thursday
3760	10	10	1910	1910	4	04	Apr	April	A	17	17	Sun	Sunday
3770	10	10	1910	1910	4	04	Apr	April	A	27	27	Wed	Wednesday
3780	10	10	1910	1910	5	05	May	May	M	7	07	Sat	Saturday
3790	10	10	1910	1910	5	05	May	May	M	17	17	Tue	Tuesday
3800	10	10	1910	1910	5	05	May	May	M	27	27	Fri	Friday
3810	10	10	1910	1910	6	06	Jun	June	J	6	06	Mon	Monday
3820	10	10	1910	1910	6	06	Jun	June	J	16	16	Thu	Thursday
3830	10	10	1910	1910	6	06	Jun	June	J	26	26	Sun	Sunday
3840	10	10	1910	1910	7	07	Jul	July	J	6	06	Wed	Wednesday
3850	10	10	1910	1910	7	07	Jul	July	J	16	16	Sat	Saturday
3860	10	10	1910	1910	7	07	Jul	July	J	26	26	Tue	Tuesday
3870	10	10	1910	1910	8	08	Aug	August	A	5	05	Fri	Friday
3880	10	10	1910	1910	8	08	Aug	August	A	15	15	Mon	Monday
3890	10	10	1910	1910	8	08	Aug	August	A	25	25	Thu	Thursday
3900	10	10	1910	1910	9	09	Sep	September	S	4	04	Sun	Sunday
3910	10	10	1910	1910	9	09	Sep	September	S	14	14	Wed	Wednesday
3920	10	10	1910	1910	9	09	Sep	September	S	24	24	Sat	Saturday
3930	10	10	1910	1910	10	10	Oct	October	O	4	04	Tue	Tuesday
3940	10	10	1910	1910	10	10	Oct	October	O	14	14	Fri	Friday
3950	10	10	1910	1910	10	10	Oct	October	O	24	24	Mon	Monday
3960	10	10	1910	1910	11	11	Nov	November	N	3	03	Thu	Thursday
3970	10	10	1910	1910	11	11	Nov	November	N	13	13	Sun	Sunday
3980	10	10	1910	1910	11	11	Nov	November	N	23	23	Wed	Wednesday
3990	10	10	1910	1910	12	12	Dec	December	D	3	03	Sat	Saturday
4000	10	10	1910	1910	12	12	Dec	December	D	13	13	Tue	Tuesday
4010	10	10	1910	1910	12	12	Dec	December	D	23	23	Fri	Friday
4020	11	11	1911	1911	1	01	Jan	January	J	2	02	Mon	Monday
4030	11	11	1911	1911	1	01	Jan	January	J	12	12	Thu	Thursday
4040	11	11	1911	1911	1	01	Jan	January	J	22	22	Sun	Sunday
4050	11	11	1911	1911	2	02	Feb	February	F	1	01	Wed	Wednesday
4060	11	11	1911	1911	2	02	Feb	February	F	11	11	Sat	Saturday
4070	11	11	1911	1911	2	02	Feb	February	F	21	21	Tue	Tuesday
4080	11	11	1911	1911	3	03	Mar	March	M	3	03	Fri	Friday
4090	11	11	1911	1911	3	03	Mar	March	M	13	13	Mon	Monday
4100	11	11	1911	1911	3	03	Mar	March	M	23	23	Thu	Thursday
4110	11	11	1911	1911	4	04	Apr	April	A	2	02	Sun	Sunday
4120	11	11	1911	1911	4	04	Apr	April	A	12	12	Wed	Wednesday
4130	11	11	1911	1911	4	04	Apr	April	A	22	22	Sat	Saturday
4140	11	11	1911	1911	5	05	May	May	M	2	02	Tue	Tuesday
4150	11	11	1911	1911	5	05	May	May	M	12	12	Fri	Friday
4160	11	11	1911	1911	5	05	May	May	M	22	22	Mon	Monday
4170	11	11	1911	1911	6	06	Jun	June	J	1	01	Thu	Thursday
4180	11	11	1911	1911	6	06	Jun	June	J	11	11	Sun	Sunday
4190	11	11	1911	1911	6	06	Jun	June	J	21	21	Wed	Wednesday
4200	11	11	1911	1911	7	07	Jul	July	J	1	01	Sat	Saturday
4210	11	11	1911	1911	7	07	Jul	July	J	11	11	Tue	Tuesday
4220	11	11	1911	1911	7	07	Jul	July	J	21	21	Fri	Friday
4230	11	11	1911	1911	7	07	Jul	July	J	31	31	Mon	Monday
4240	11	11	1911	1911	8	08	Aug	August	A	10	10	Thu	Thursday
4250	11	11	1911	1911	8	08	Aug	August	A	20	20	Sun	Sunday
4260	11	11	1911	1911	8	08	Aug	August	A	30	30	Wed	Wednesday
4270	11	11	1911	1911	9	09	Sep	September	S	9	09	Sat	Saturday
4280	11	11	1911	1911	9	09	Sep	September	S	19	19	Tue	Tuesday
4290	11	11	1911	1911	9	09	Sep	September	S	29	29	Fri	Friday
4300	11	11	1911	1911	10	10	Oct	October	O	9	09	Mon	Monday
4310	11	11	1911	1911	10	10	Oct	October	O	19	19	Thu	Thursday
4320	11	11	1911	1911	10	10	Oct	October	O	29	29	Sun	Sunday
4330	11	11	1911	1911	11	11	Nov	November	N	8	08	Wed	Wednesday
4340	11	11	1911	1911	11	11	Nov	November	N	18	18	Sat	Saturday
4350	11	11	1911	1911	11	11	Nov	November	N	28	28	Tue	Tuesday
4360	11	11	1911	1911	12	12	Dec	December	D	8	08	Fri	Friday
4370	11	11	1911	1911	12	12	Dec	December	D	18	18	Mon	Monday
4380	11	11	1911	1911	12	12	Dec	December	D	28	28	Thu	Thursday
4390	12	12	1912	1912	1	01	Jan	January	J	7	07	Sun	Sunday
4400	12	12	1912	1912	1	01	Jan	January	J	17	17	Wed	Wednesday
4410	12	12	1912	1912	1	01	Jan	January	J	27	27	Sat	Saturday
4420	12	12	1912	1912	2	02	Feb	February	F	6	06	Tue	Tuesday
4430	12	12	1912	1912	2	02	Feb	February	F	16	16	Fri	Friday
4440	12	12	1912	1912	2	02	Feb	February	F	26	26	Mon	Monday
4450	12	12	1912	1912	3	03	Mar	March	M	7	07	Thu	Thursday
4460	12	12	1912	1912	3	03	Mar	March	M	17	17	Sun	Sunday
4470	12	12	1912	1912	3	03	Mar	March	M	27	27	Wed	Wednesday
4480	12	12	1912	1912	4	04	Apr	April	A	6	06	Sat	Saturday
4490	12	12	1912	1912	4	04	Apr	April	A	16	16	Tue	Tuesday
4500	12	12	1912	1912	4	04	Apr	April	A	26	26	Fri	Friday
4510	12	12	1912	1912	5	05	May	May	M	6	06	Mon	Monday
4520	12	12	1912	1912	5	05	May	May	M	16	16	Thu	Thursday
4530	12	12	1912	1912	5	05	May	May	M	26	26	Sun	Sunday
4540	12	12	1912	1912	6	06	Jun	June	J	5	05	Wed	Wednesday
4550	12	12	1912	1912	6	06	Jun	June	J	15	15	Sat	Saturday
4560	12	12	1912	1912	6	06	Jun	June	J	25	25	Tue	Tuesday
4570	12	12	1912	1912	7	07	Jul	July	J	5	05	Fri	Friday
4580	12	12	1912	1912	7	07	Jul	July	J	15	15	Mon	Monday
4590	12	12	1912	1912	7	07	Jul	July	J	25	25	Thu	Thursday
4600	12	12	1912	1912	8	08	Aug	August	A	4	04	Sun	Sunday
4610	12	12	1912	1912	8	08	Aug	August	A	14	14	Wed	Wednesday
4620	12	12	1912	1912	8	08	Aug	August	A	24	24	Sat	Saturday
4630	12	12	1912	1912	9	09	Sep	September	S	3	03	Tue	Tuesday
4640	12	12	1912	1912	9	09	Sep	September	S	13	13	Fri	Friday
4650	12	12	1912	1912	9	09	Sep	September	S	23	23	Mon	Monday
4660	12	12	1912	1912	10	10	Oct	October	O	3	03	Thu	Thursday
4670	12	12	1912	1912	10	10	Oct	October	O	13	13	Sun	Sunday
4680	12	12	1912	1912	10	10	Oct	October	O	23	23	Wed	Wednesday
4690	12	12	1912	1912	11	11	Nov	November	N	2	02	Sat	Saturday
4700	12	12	1912	1912	11	11	Nov	November	N	12	12	Tue	Tuesday
4710	12	12	1912	1912	11	11	Nov	November	N	22	22	Fri	Friday
4720	12	12	1912	1912	12	12	Dec	December	D	2	02	Mon	Monday
4730	12	12	1912	1912	12	12	Dec	December	D	12	12	Thu	Thursday
4740	12	12	1912	1912	12	12	Dec	December	D	22	22	Sun	Sunday
4750	13	13	1913	1913	1	01	Jan	January	J	1	01	Wed	Wednesday
4760	13	13	1913	1913	1	01	Jan	January	J	11	11	Sat	Saturday
4770	13	13	1913	1913	1	01	Jan	January	J	21	21	Tue	Tuesday
4780	13	13	1913	1913	1	01	Jan	January	J	31	31	Fri	Friday
4790	13	13	1913	1913	2	02	Feb	February	F	10	10	Mon	Monday
4800	13	13	1913	1913	2	02	Feb	February	F	20	20	Thu	Thursday
4810	13	13	1913	1913	3	03	Mar	March	M	2	02	Sun	Sunday
4820	13	13	1913	1913	3	03	Mar	March	M	12	12	Wed	Wednesday
4830	13	13	1913	1913	3	03	Mar	March	M	22	22	Sat	Saturday
4840	13	13	1913	1913	4	04	Apr	April	A	1	01	Tue	Tuesday
4850	13	13	1913	1913	4	04	Apr	April	A	11	11	Fri	Friday
4860	13	13	1913	1913	4	04	Apr	April	A	21	21	Mon	Monday
4870	13	13	1913	1913	5	05	May	May	M	1	01	Thu	Thursday
4880	13	13	1913	1913	5	05	May	May	M	11	11	Sun	Sunday
4890	13	13	1913	1913	5	05	May	May	M	21	21	Wed	Wednesday
4900	13	13	1913	1913	5	05	May	May	M	31	31	Sat	Saturday
4910	13	13	1913	1913	6	06	Jun	June	J	10	10	Tue	Tuesday
4920	13	13	1913	1913	6	06	Jun	June	J	20	20	Fri	Friday
4930	13	13	1913	1913	6	06	Jun	June	J	30	30	Mon	Monday
4940	13	13	1913	1913	7	07	Jul	July	J	10	10	Thu	Thursday
4950	13	13	1913	1913	7	07	Jul	July	J	20	20	Sun	Sunday
4960	13	13	1913	1913	7	07	Jul	July	J	30	30	Wed	Wednesday
4970	13	13	1913	1913	8	08	Aug	August	A	9	09	Sat	Saturday
4980	13	13	1913	1913	8	08	Aug	August	A	19	19	Tue	Tuesday
4990	13	13	1913	1913	8	08	Aug	August	A	29	29	Fri	Friday
5000	13	13	1913	1913	9	09	Sep	September	S	8	08	Mon	Monday
5010	13	13	1913	1913	9	09	Sep	September	S	18	18	Thu	Thursday
5020	13	13	1913	1913	9	09	Sep	September	S	28	28	Sun	Sunday
5030	13	13	1913	1913	10	10	Oct	October	O	8	08	Wed	Wednesday
5040	13	13	1913	1913	10	10	Oct	October	O	18	18	Sat	Saturday
5050	13	13	1913	1913	10	10	Oct	October	O	28	28	Tue	Tuesday
5060	13	13	1913	1913	11	11	Nov	November	N	7	07	Fri	Friday
5070	13	13	1913	1913	11	11	Nov	November	N	17	17	Mon	Monday
5080	13	13	1913	1913	11	11	Nov	November	N	27	27	Thu	Thursday
5090	13	13	1913	1913	12	12	Dec	December	D	7	07	Sun	Sunday
5100	13	13	1913	1913	12	12	Dec	December	D	17	17	Wed	Wednesday
5110	13	13	1913	1913	12	12	Dec	December	D	27	27	Sat	Saturday
5120	14	14	1914	1914	1	01	Jan	January	J	6	06	Tue	Tuesday
5130	14	14	1914	1914	1	01	Jan	January	J	16	16	Fri	Friday
5140	14	14	1914	1914	1	01	Jan	January	J	26	26	Mon	Monday
5150	14	14	1914	1914	2	02	Feb	February	F	5	05	Thu	Thursday
5160	14	14	1914	1914	2	02	Feb	February	F	15	15	Sun	Sunday
5170	14	14	1914	1914	2	02	Feb	February	F	25	25	Wed	Wednesday
5180	14	14	1914	1914	3	03	Mar	March	M	7	07	Sat	Saturday
5190	14	14	1914	1914	3	03	Mar	March	M	17	17	Tue	Tuesday
5200	14	14	1914	1914	3	03	Mar	March	M	27	27	Fri	Friday
5210	14	14	1914	1914	4	04	Apr	April	A	6	06	Mon	Monday
5220	14	14	1914	1914	4	04	Apr	April	A	16	16	Thu	Thursday
5230	14	14	1914	1914	4	04	Apr	April	A	26	26	Sun	Sunday
5240	14	14	1914	1914	5	05	May	May	M	6	06	Wed	Wednesday
5250	14	14	1914	1914	5	05	May	May	M	16	16	Sat	Saturday
5260	14	14	1914	1914	5	05	May	May	M	26	26	Tue	Tuesday
5270	14	14	1914	1914	6	06	Jun	June	J	5	05	Fri	Friday
5280	14	14	1914	1914	6	06	Jun	June	J	15	15	Mon	Monday
5290	14	14	1914	1914	6	06	Jun	June	J	25	25	Thu	Thursday
5300	14	14	1914	1914	7	07	Jul	July	J	5	05	Sun	Sunday
5310	14	14	1914	1914	7	07	Jul	July	J	15	15	Wed	Wednesday
5320	14	14	1914	1914	7	07	Jul	July	J	25	25	Sat	Saturday
5330	14	14	1914	1914	8	08	Aug	August	A	4	04	Tue	Tuesday
5340	14	14	1914	1914	8	08	Aug	August	A	14	14	Fri	Friday
5350	14	14	1914	1914	8	08	Aug	August	A	24	24	Mon	Monday
5360	14	14	1914	1914	9	09	Sep	September	S	3	03	Thu	Thursday
5370	14	14	1914	1914	9	09	Sep	September	S	13	13	Sun	Sunday
5380	14	14	1914	1914	9	09	Sep	September	S	23	23	Wed	Wednesday
5390	14	14	1914	1914	10	10	Oct	October	O	3	03	Sat	Saturday
5400	14	14	1914	1914	10	10	Oct	October	O	13	13	Tue	Tuesday
5410	14	14	1914	1914	10	10	Oct	October	O	23	23	Fri	Friday
5420	14	14	1914	1914	11	11	Nov	November	N	2	02	Mon	Monday
5430	14	14	1914	1914	11	11	Nov	November	N	12	12	Thu	Thursday
5440	14	14	1914	1914	11	11	Nov	November	N	22	22	Sun	Sunday
5450	14	14	1914	1914	12	12	Dec	December	D	2	02	Wed	Wednesday
5460	14	14	1914	1914	12	12	Dec	December	D	12	12	Sat	Saturday
5470	14	14	1914	1914	12	12	Dec	December	D	22	22	Tue	Tuesday
5480	15	15	1915	1915	1	01	Jan	January	J	1	01	Fri	Friday
5490	15	15	1915	1915	1	01	Jan	January	J	11	11	Mon	Monday
5500	15	15	1915	1915	1	01	Jan	January	J	21	21	Thu	Thursday
5510	15	15	1915	1915	1	01	Jan	January	J	31	31	Sun	Sunday
5520	15	15	1915	1915	2	02	Feb	February	F	10	10	Wed	Wednesday
5530	15	15	1915	1915	2	02	Feb	February	F	20	20	Sat	Saturday
5540	15	15	1915	1915	3	03	Mar	March	M	2	02	Tue	Tuesday
5550	15	15	1915	1915	3	03	Mar	March	M	12	12	Fri	Friday
5560	15	15	1915	1915	3	03	Mar	March	M	22	22	Mon	Monday
5570	15	15	1915	1915	4	04	Apr	April	A	1	01	Thu	Thursday
5580	15	15	1915	1915	4	04	Apr	April	A	11	11	Sun	Sunday
5590	15	15	1915	1915	4	04	Apr	April	A	21	21	Wed	Wednesday
5600	15	15	1915	1915	5	05	May	May	M	1	01	Sat	Saturday
5610	15	15	1915	1915	5	05	May	May	M	11	11	Tue	Tuesday
5620	15	15	1915	1915	5	05	May	May	M	21	21	Fri	Friday
5630	15	15	1915	1915	5	05	May	May	M	31	31	Mon	Monday
5640	15	15	1915	1915	6	06	Jun	June	J	10	10	Thu	Thursday
5650	15	15	1915	1915	6	06	Jun	June	J	20	20	Sun	Sunday
5660	15	15	1915	1915	6	06	Jun	June	J	30	30	Wed	Wednesday
5670	15	15	1915	1915	7	07	Jul	July	J	10	10	Sat	Saturday
5680	15	15	1915	1915	7	07	Jul	July	J	20	20	Tue	Tuesday
5690	15	15	1915	1915	7	07	Jul	July	J	30	30	Fri	Friday
5700	15	15	1915	1915	8	08	Aug	August	A	9	09	Mon	Monday
5710	15	15	1915	1915	8	08	Aug	August	A	19	19	Thu	Thursday
5720	15	15	1915	1915	8	08	Aug	August	A	29	29	Sun	Sunday
5730	15	15	1915	1915	9	09	Sep	September	S	8	08	Wed	Wednesday
5740	15	15	1915	1915	9	09	Sep	September	S	18	18	Sat	Saturday
5750	15	15	1915	1915	9	09	Sep	September	S	28	28	Tue	Tuesday
5760	15	15	1915	1915	10	10	Oct	October	O	8	08	Fri	Friday
5770	15	15	1915	1915	10	10	Oct	October	O	18	18	Mon	Monday
5780	15	15	1915	1915	10	10	Oct	October	O	28	28	Thu	Thursday
5790	15	15	1915	1915	11	11	Nov	November	N	7	07	Sun	Sunday
5800	15	15	1915	1915	11	11	Nov	November	N	17	17	Wed	Wednesday
5810	15	15	1915	1915	11	11	Nov	November	N	27	27	Sat	Saturday
5820	15	15	1915	1915	12	12	Dec	December	D	7	07	Tue	Tuesday
5830	15	15	1915	1915	12	12	Dec	December	D	17	17	Fri	Friday
5840	15	15	1915	1915	12	12	Dec	December	D	27	27	Mon	Monday
5850	16	16	1916	1916	1	01	Jan	January	J	6	06	Thu	Thursday
5860	16	16	1916	1916	1	01	Jan	January	J	16	16	Sun	Sunday
5870	16	16	1916	1916	1	01	Jan	January	J	26	26	Wed	Wednesday
5880	16	16	1916	1916	2	02	Feb	February	F	5	05	Sat	Saturday
5890	16	16	1916	1916	2	02	Feb	February	F	15	15	Tue	Tuesday
5900	16	16	1916	1916	2	02	Feb	February	F	25	25	Fri	Friday
5910	16	16	1916	1916	3	03	Mar	March	M	6	06	Mon	Monday
5920	16	16	1916	1916	3	03	Mar	March	M	16	16	Thu	Thursday
5930	16	16	1916	1916	3	03	Mar	March	M	26	26	Sun	Sunday
5940	16	16	1916	1916	4	04	Apr	April	A	5	05	Wed	Wednesday
5950	16	16	1916	1916	4	04	Apr	April	A	15	15	Sat	Saturday
5960	16	16	1916	1916	4	04	Apr	April	A	25	25	Tue	Tuesday
5970	16	16	1916	1916	5	05	May	May	M	5	05	Fri	Friday
5980	16	16	1916	1916	5	05	May	May	M	15	15	Mon	Monday
5990	16	16	1916	1916	5	05	May	May	M	25	25	Thu	Thursday
6000	16	16	1916	1916	6	06	Jun	June	J	4	04	Sun	Sunday
6010	16	16	1916	1916	6	06	Jun	June	J	14	14	Wed	Wednesday
6020	16	16	1916	1916	6	06	Jun	June	J	24	24	Sat	Saturday
6030	16	16	1916	1916	7	07	Jul	July	J	4	04	Tue	Tuesday
6040	16	16	1916	1916	7	07	Jul	July	J	14	14	Fri	Friday
6050	16	16	1916	1916	7	07	Jul	July	J	24	24	Mon	Monday
6060	16	16	1916	1916	8	08	Aug	August	A	3	03	Thu	Thursday
6070	16	16	1916	1916	8	08	Aug	August	A	13	13	Sun	Sunday
6080	16	16	1916	1916	8	08	Aug	August	A	23	23	Wed	Wednesday
6090	16	16	1916	1916	9	09	Sep	September	S	2	02	Sat	Saturday
6100	16	16	1916	1916	9	09	Sep	September	S	12	12	Tue	Tuesday
6110	16	16	1916	1916	9	09	Sep	September	S	22	22	Fri	Friday
6120	16	16	1916	1916	10	10	Oct	October	O	2	02	Mon	Monday
6130	16	16	1916	1916	10	10	Oct	October	O	12	12	Thu	Thursday
6140	16	16	1916	1916	10	10	Oct	October	O	22	22	Sun	Sunday
6150	16	16	1916	1916	11	11	Nov	November	N	1	01	Wed	Wednesday
6160	16	16	1916	1916	11	11	Nov	November	N	11	11	Sat	Saturday
6170	16	16	1916	1916	11	11	Nov	November	N	21	21	Tue	Tuesday
6180	16	16	1916	1916	12	12	Dec	December	D	1	01	Fri	Friday
6190	16	16	1916	1916	12	12	Dec	December	D	11	11	Mon	Monday
6200	16	16	1916	1916	12	12	Dec	December	D	21	21	Thu	Thursday
6210	16	16	1916	1916	12	12	Dec	December	D	31	31	Sun	Sunday
6220	17	17	1917	1917	1	01	Jan	January	J	10	10	Wed	Wednesday
6230	17	17	1917	1917	1	01	Jan	January	J	20	20	Sat	Saturday
6240	17	17	1917	1917	1	01	Jan	January	J	30	30	Tue	Tuesday
6250	17	17	1917	1917	2	02	Feb	February	F	9	09	Fri	Friday
6260	17	17	1917	1917	2	02	Feb	February	F	19	19	Mon	Monday
6270	17	17	1917	1917	3	03	Mar	March	M	1	01	Thu	Thursday
6280	17	17	1917	1917	3	03	Mar	March	M	11	11	Sun	Sunday
6290	17	17	1917	1917	3	03	Mar	March	M	21	21	Wed	Wednesday
6300	17	17	1917	1917	3	03	Mar	March	M	31	31	Sat	Saturday
6310	17	17	1917	1917	4	04	Apr	April	A	10	10	Tue	Tuesday
6320	17	17	1917	1917	4	04	Apr	April	A	20	20	Fri	Friday
6330	17	17	1917	1917	4	04	Apr	April	A	30	30	Mon	Monday
6340	17	17	1917	1917	5	05	May	May	M	10	10	Thu	Thursday
6350	17	17	1917	1917	5	05	May	May	M	20	20	Sun	Sunday
6360	17	17	1917	1917	5	05	May	May	M	30	30	Wed	Wednesday
6370	17	17	1917	1917	6	06	Jun	June	J	9	09	Sat	Saturday
6380	17	17	1917	1917	6	06	Jun	June	J	19	19	Tue	Tuesday
6390	17	17	1917	1917	6	06	Jun	June	J	29	29	Fri	Friday
6400	17	17	1917	1917	7	07	Jul	July	J	9	09	Mon	Monday
6410	17	17	1917	1917	7	07	Jul	July	J	19	19	Thu	Thursday
6420	17	17	1917	1917	7	07	Jul	July	J	29	29	Sun	Sunday
6430	17	17	1917	1917	8	08	Aug	August	A	8	08	Wed	Wednesday
6440	17	17	1917	1917	8	08	Aug	August	A	18	18	Sat	Saturday
6450	17	17	1917	1917	8	08	Aug	August	A	28	28	Tue	Tuesday
6460	17	17	1917	1917	9	09	Sep	September	S	7	07	Fri	Friday
6470	17	17	1917	1917	9	09	Sep	September	S	17	17	Mon	Monday
6480	17	17	1917	1917	9	09	Sep	September	S	27	27	Thu	Thursday
6490	17	17	1917	1917	10	10	Oct	October	O	7	07	Sun	Sunday
6500	17	17	1917	1917	10	10	Oct	October	O	17	17	Wed	Wednesday
6510	17	17	1917	1917	10	10	Oct	October	O	27	27	Sat	Saturday
6520	17	17	1917	1917	11	11	Nov	November	N	6	06	Tue	Tuesday
6530	17	17	1917	1917	11	11	Nov	November	N	16	16	Fri	Friday
6540	17	17	1917	1917	11	11	Nov	November	N	26	26	Mon	Monday
6550	17	17	1917	1917	12	12	Dec	December	D	6	06	Thu	Thursday
6560	17	17	1917	1917	12	12	Dec	December	D	16	16	Sun	Sunday
6570	17	17	1917	1917	12	12	Dec	December	D	26	26	Wed	Wednesday
6580	18	18	1918	1918	1	01	Jan	January	J	5	05	Sat	Saturday
6590	18	18	1918	1918	1	01	Jan	January	J	15	15	Tue	Tuesday
6600	18	18	1918	1918	1	01	Jan	January	J	25	25	Fri	Friday
6610	18	18	1918	1918	2	02	Feb	February	F	4	04	Mon	Monday
6620	18	18	1918	1918	2	02	Feb	February	F	14	14	Thu	Thursday
6630	18	18	1918	1918	2	02	Feb	February	F	24	24	Sun	Sunday
6640	18	18	1918	1918	3	03	Mar	March	M	6	06	Wed	Wednesday
6650	18	18	1918	1918	3	03	Mar	March	M	16	16	Sat	Saturday
6660	18	18	1918	1918	3	03	Mar	March	M	26	26	Tue	Tuesday
6670	18	18	1918	1918	4	04	Apr	April	A	5	05	Fri	Friday
6680	18	18	1918	1918	4	04	Apr	April	A	15	15	Mon	Monday
6690	18	18	1918	1918	4	04	Apr	April	A	25	25	Thu	Thursday
6700	18	18	1918	1918	5	05	May	May	M	5	05	Sun	Sunday
6710	18	18	1918	1918	5	05	May	May	M	15	15	Wed	Wednesday
6720	18	18	1918	1918	5	05	May	May	M	25	25	Sat	Saturday
6730	18	18	1918	1918	6	06	Jun	June	J	4	04	Tue	Tuesday
6740	18	18	1918	1918	6	06	Jun	June	J	14	14	Fri	Friday
6750	18	18	1918	1918	6	06	Jun	June	J	24	24	Mon	Monday
6760	18	18	1918	1918	7	07	Jul	July	J	4	04	Thu	Thursday
6770	18	18	1918	1918	7	07	Jul	July	J	14	14	Sun	Sunday
6780	18	18	1918	1918	7	07	Jul	July	J	24	24	Wed	Wednesday
6790	18	18	1918	1918	8	08	Aug	August	A	3	03	Sat	Saturday
6800	18	18	1918	1918	8	08	Aug	August	A	13	13	Tue	Tuesday
6810	18	18	1918	1918	8	08	Aug	August	A	23	23	Fri	Friday
6820	18	18	1918	1918	9	09	Sep	September	S	2	02	Mon	Monday
6830	18	18	1918	1918	9	09	Sep	September	S	12	12	Thu	Thursday
6840	18	18	1918	1918	9	09	Sep	September	S	22	22	Sun	Sunday
6850	18	18	1918	1918	10	10	Oct	October	O	2	02	Wed	Wednesday
6860	18	18	1918	1918	10	10	Oct	October	O	12	12	Sat	Saturday
6870	18	18	1918	1918	10	10	Oct	October	O	22	22	Tue	Tuesday
6880	18	18	1918	1918	11	11	Nov	November	N	1	01	Fri	Friday
6890	18	18	1918	1918	11	11	Nov	November	N	11	11	Mon	Monday
6900	18	18	1918	1918	11	11	Nov	November	N	21	21	Thu	Thursday
6910	18	18	1918	1918	12	12	Dec	December	D	1	01	Sun	Sunday
6920	18	18	1918	1918	12	12	Dec	December	D	11	11	Wed	Wednesday
6930	18	18	1918	1918	12	12	Dec	December	D	21	21	Sat	Saturday
6940	18	18	1918	1918	12	12	Dec	December	D	31	31	Tue	Tuesday
6950	19	19	1919	1919	1	01	Jan	January	J	10	10	Fri	Friday
6960	19	19	1919	1919	1	01	Jan	January	J	20	20	Mon	Monday
6970	19	19	1919	1919	1	01	Jan	January	J	30	30	Thu	Thursday
6980	19	19	1919	1919	2	02	Feb	February	F	9	09	Sun	Sunday
6990	19	19	1919	1919	2	02	Feb	February	F	19	19	Wed	Wednesday
7000	19	19	1919	1919	3	03	Mar	March	M	1	01	Sat	Saturday
7010	19	19	1919	1919	3	03	Mar	March	M	11	11	Tue	Tuesday
7020	19	19	1919	1919	3	03	Mar	March	M	21	21	Fri	Friday
7030	19	19	1919	1919	3	03	Mar	March	M	31	31	Mon	Monday
7040	19	19	1919	1919	4	04	Apr	April	A	10	10	Thu	Thursday
7050	19	19	1919	1919	4	04	Apr	April	A	20	20	Sun	Sunday
7060	19	19	1919	1919	4	04	Apr	April	A	30	30	Wed	Wednesday
7070	19	19	1919	1919	5	05	May	May	M	10	10	Sat	Saturday
7080	19	19	1919	1919	5	05	May	May	M	20	20	Tue	Tuesday
7090	19	19	1919	1919	5	05	May	May	M	30	30	Fri	Friday
7100	19	19	1919	1919	6	06	Jun	June	J	9	09	Mon	Monday
7110	19	19	1919	1919	6	06	Jun	June	J	19	19	Thu	Thursday
7120	19	19	1919	1919	6	06	Jun	June	J	29	29	Sun	Sunday
7130	19	19	1919	1919	7	07	Jul	July	J	9	09	Wed	Wednesday
7140	19	19	1919	1919	7	07	Jul	July	J	19	19	Sat	Saturday
7150	19	19	1919	1919	7	07	Jul	July	J	29	29	Tue	Tuesday
7160	19	19	1919	1919	8	08	Aug	August	A	8	08	Fri	Friday
7170	19	19	1919	1919	8	08	Aug	August	A	18	18	Mon	Monday
7180	19	19	1919	1919	8	08	Aug	August	A	28	28	Thu	Thursday
7190	19	19	1919	1919	9	09	Sep	September	S	7	07	Sun	Sunday
7200	19	19	1919	1919	9	09	Sep	September	S	17	17	Wed	Wednesday
7210	19	19	1919	1919	9	09	Sep	September	S	27	27	Sat	Saturday
7220	19	19	1919	1919	10	10	Oct	October	O	7	07	Tue	Tuesday
7230	19	19	1919	1919	10	10	Oct	October	O	17	17	Fri	Friday
7240	19	19	1919	1919	10	10	Oct	October	O	27	27	Mon	Monday
7250	19	19	1919	1919	11	11	Nov	November	N	6	06	Thu	Thursday
7260	19	19	1919	1919	11	11	Nov	November	N	16	16	Sun	Sunday
7270	19	19	1919	1919	11	11	Nov	November	N	26	26	Wed	Wednesday
7280	19	19	1919	1919	12	12	Dec	December	D	6	06	Sat	Saturday
7290	19	19	1919	1919	12	12	Dec	December	D	16	16	Tue	Tuesday
7300	19	19	1919	1919	12	12	Dec	December	D	26	26	Fri	Friday
7310	20	20	1920	1920	1	01	Jan	January	J	5	05	Mon	Monday
7320	20	20	1920	1920	1	01	Jan	January	J	15	15	Thu	Thursday
7330	20	20	1920	1920	1	01	Jan	January	J	25	25	Sun	Sunday
7340	20	20	1920	1920	2	02	Feb	February	F	4	04	Wed	Wednesday
7350	20	20	1920	1920	2	02	Feb	February	F	14	14	Sat	Saturday
7360	20	20	1920	1920	2	02	Feb	February	F	24	24	Tue	Tuesday
7370	20	20	1920	1920	3	03	Mar	March	M	5	05	Fri	Friday
7380	20	20	1920	1920	3	03	Mar	March	M	15	15	Mon	Monday
7390	20	20	1920	1920	3	03	Mar	March	M	25	25	Thu	Thursday
7400	20	20	1920	1920	4	04	Apr	April	A	4	04	Sun	Sunday
7410	20	20	1920	1920	4	04	Apr	April	A	14	14	Wed	Wednesday
7420	20	20	1920	1920	4	04	Apr	April	A	24	24	Sat	Saturday
7430	20	20	1920	1920	5	05	May	May	M	4	04	Tue	Tuesday
7440	20	20	1920	1920	5	05	May	May	M	14	14	Fri	Friday
7450	20	20	1920	1920	5	05	May	May	M	24	24	Mon	Monday
7460	20	20	1920	1920	6	06	Jun	June	J	3	03	Thu	Thursday
7470	20	20	1920	1920	6	06	Jun	June	J	13	13	Sun	Sunday
7480	20	20	1920	1920	6	06	Jun	June	J	23	23	Wed	Wednesday
7490	20	20	1920	1920	7	07	Jul	July	J	3	03	Sat	Saturday
7500	20	20	1920	1920	7	07	Jul	July	J	13	13	Tue	Tuesday
7510	20	20	1920	1920	7	07	Jul	July	J	23	23	Fri	Friday
7520	20	20	1920	1920	8	08	Aug	August	A	2	02	Mon	Monday
7530	20	20	1920	1920	8	08	Aug	August	A	12	12	Thu	Thursday
7540	20	20	1920	1920	8	08	Aug	August	A	22	22	Sun	Sunday
7550	20	20	1920	1920	9	09	Sep	September	S	1	01	Wed	Wednesday
7560	20	20	1920	1920	9	09	Sep	September	S	11	11	Sat	Saturday
7570	20	20	1920	1920	9	09	Sep	September	S	21	21	Tue	Tuesday
7580	20	20	1920	1920	10	10	Oct	October	O	1	01	Fri	Friday
7590	20	20	1920	1920	10	10	Oct	October	O	11	11	Mon	Monday
7600	20	20	1920	1920	10	10	Oct	October	O	21	21	Thu	Thursday
7610	20	20	1920	1920	10	10	Oct	October	O	31	31	Sun	Sunday
7620	20	20	1920	1920	11	11	Nov	November	N	10	10	Wed	Wednesday
7630	20	20	1920	1920	11	11	Nov	November	N	20	20	Sat	Saturday
7640	20	20	1920	1920	11	11	Nov	November	N	30	30	Tue	Tuesday
7650	20	20	1920	1920	12	12	Dec	December	D	10	10	Fri	Friday
7660	20	20	1920	1920	12	12	Dec	December	D	20	20	Mon	Monday
7670	20	20	1920	1920	12	12	Dec	December	D	30	30	Thu	Thursday
7680	21	21	1921	1921	1	01	Jan	January	J	9	09	Sun	Sunday
7690	21	21	1921	1921	1	01	Jan	January	J	19	19	Wed	Wednesday
7700	21	21	1921	1921	1	01	Jan	January	J	29	29	Sat	Saturday
7710	21	21	1921	1921	2	02	Feb	February	F	8	08	Tue	Tuesday
7720	21	21	1921	1921	2	02	Feb	February	F	18	18	Fri	Friday
7730	21	21	1921	1921	2	02	Feb	February	F	28	28	Mon	Monday
7740	21	21	1921	1921	3	03	Mar	March	M	10	10	Thu	Thursday
7750	21	21	1921	1921	3	03	Mar	March	M	20	20	Sun	Sunday
7760	21	21	1921	1921	3	03	Mar	March	M	30	30	Wed	Wednesday
7770	21	21	1921	1921	4	04	Apr	April	A	9	09	Sat	Saturday
7780	21	21	1921	1921	4	04	Apr	April	A	19	19	Tue	Tuesday
7790	21	21	1921	1921	4	04	Apr	April	A	29	29	Fri	Friday
7800	21	21	1921	1921	5	05	May	May	M	9	09	Mon	Monday
7810	21	21	1921	1921	5	05	May	May	M	19	19	Thu	Thursday
7820	21	21	1921	1921	5	05	May	May	M	29	29	Sun	Sunday
7830	21	21	1921	1921	6	06	Jun	June	J	8	08	Wed	Wednesday
7840	21	21	1921	1921	6	06	Jun	June	J	18	18	Sat	Saturday
7850	21	21	1921	1921	6	06	Jun	June	J	28	28	Tue	Tuesday
7860	21	21	1921	1921	7	07	Jul	July	J	8	08	Fri	Friday
7870	21	21	1921	1921	7	07	Jul	July	J	18	18	Mon	Monday
7880	21	21	1921	1921	7	07	Jul	July	J	28	28	Thu	Thursday
7890	21	21	1921	1921	8	08	Aug	August	A	7	07	Sun	Sunday
7900	21	21	1921	1921	8	08	Aug	August	A	17	17	Wed	Wednesday
7910	21	21	1921	1921	8	08	Aug	August	A	27	27	Sat	Saturday
7920	21	21	1921	1921	9	09	Sep	September	S	6	06	Tue	Tuesday
7930	21	21	1921	1921	9	09	Sep	September	S	16	16	Fri	Friday
7940	21	21	1921	1921	9	09	Sep	September	S	26	26	Mon	Monday
7950	21	21	1921	1921	10	10	Oct	October	O	6	06	Thu	Thursday
7960	21	21	1921	1921	10	10	Oct	October	O	16	16	Sun	Sunday
7970	21	21	1921	1921	10	10	Oct	October	O	26	26	Wed	Wednesday
7980	21	21	1921	1921	11	11	Nov	November	N	5	05	Sat	Saturday
7990	21	21	1921	1921	11	11	Nov	November	N	15	15	Tue	Tuesday
8000	21	21	1921	1921	11	11	Nov	November	N	25	25	Fri	Friday
8010	21	21	1921	1921	12	12	Dec	December	D	5	05	Mon	Monday
8020	21	21	1921	1921	12	12	Dec	December	D	15	15	Thu	Thursday
8030	21	21	1921	1921	12	12	Dec	December	D	25	25	Sun	Sunday
8040	22	22	1922	1922	1	01	Jan	January	J	4	04	Wed	Wednesday
8050	22	22	1922	1922	1	01	Jan	January	J	14	14	Sat	Saturday
8060	22	22	1922	1922	1	01	Jan	January	J	24	24	Tue	Tuesday
8070	22	22	1922	1922	2	02	Feb	February	F	3	03	Fri	Friday
8080	22	22	1922	1922	2	02	Feb	February	F	13	13	Mon	Monday
8090	22	22	1922	1922	2	02	Feb	February	F	23	23	Thu	Thursday
8100	22	22	1922	1922	3	03	Mar	March	M	5	05	Sun	Sunday
8110	22	22	1922	1922	3	03	Mar	March	M	15	15	Wed	Wednesday
8120	22	22	1922	1922	3	03	Mar	March	M	25	25	Sat	Saturday
8130	22	22	1922	1922	4	04	Apr	April	A	4	04	Tue	Tuesday
8140	22	22	1922	1922	4	04	Apr	April	A	14	14	Fri	Friday
8150	22	22	1922	1922	4	04	Apr	April	A	24	24	Mon	Monday
8160	22	22	1922	1922	5	05	May	May	M	4	04	Thu	Thursday
8170	22	22	1922	1922	5	05	May	May	M	14	14	Sun	Sunday
8180	22	22	1922	1922	5	05	May	May	M	24	24	Wed	Wednesday
8190	22	22	1922	1922	6	06	Jun	June	J	3	03	Sat	Saturday
8200	22	22	1922	1922	6	06	Jun	June	J	13	13	Tue	Tuesday
8210	22	22	1922	1922	6	06	Jun	June	J	23	23	Fri	Friday
8220	22	22	1922	1922	7	07	Jul	July	J	3	03	Mon	Monday
8230	22	22	1922	1922	7	07	Jul	July	J	13	13	Thu	Thursday
8240	22	22	1922	1922	7	07	Jul	July	J	23	23	Sun	Sunday
8250	22	22	1922	1922	8	08	Aug	August	A	2	02	Wed	Wednesday
8260	22	22	1922	1922	8	08	Aug	August	A	12	12	Sat	Saturday
8270	22	22	1922	1922	8	08	Aug	August	A	22	22	Tue	Tuesday
8280	22	22	1922	1922	9	09	Sep	September	S	1	01	Fri	Friday
8290	22	22	1922	1922	9	09	Sep	September	S	11	11	Mon	Monday
8300	22	22	1922	1922	9	09	Sep	September	S	21	21	Thu	Thursday
8310	22	22	1922	1922	10	10	Oct	October	O	1	01	Sun	Sunday
8320	22	22	1922	1922	10	10	Oct	October	O	11	11	Wed	Wednesday
8330	22	22	1922	1922	10	10	Oct	October	O	21	21	Sat	Saturday
8340	22	22	1922	1922	10	10	Oct	October	O	31	31	Tue	Tuesday
8350	22	22	1922	1922	11	11	Nov	November	N	10	10	Fri	Friday
8360	22	22	1922	1922	11	11	Nov	November	N	20	20	Mon	Monday
8370	22	22	1922	1922	11	11	Nov	November	N	30	30	Thu	Thursday
8380	22	22	1922	1922	12	12	Dec	December	D	10	10	Sun	Sunday
8390	22	22	1922	1922	12	12	Dec	December	D	20	20	Wed	Wednesday
8400	22	22	1922	1922	12	12	Dec	December	D	30	30	Sat	Saturday
8410	23	23	1923	1923	1	01	Jan	January	J	9	09	Tue	Tuesday
8420	23	23	1923	1923	1	01	Jan	January	J	19	19	Fri	Friday
8430	23	23	1923	1923	1	01	Jan	January	J	29	29	Mon	Monday
8440	23	23	1923	1923	2	02	Feb	February	F	8	08	Thu	Thursday
8450	23	23	1923	1923	2	02	Feb	February	F	18	18	Sun	Sunday
8460	23	23	1923	1923	2	02	Feb	February	F	28	28	Wed	Wednesday
8470	23	23	1923	1923	3	03	Mar	March	M	10	10	Sat	Saturday
8480	23	23	1923	1923	3	03	Mar	March	M	20	20	Tue	Tuesday
8490	23	23	1923	1923	3	03	Mar	March	M	30	30	Fri	Friday
8500	23	23	1923	1923	4	04	Apr	April	A	9	09	Mon	Monday
8510	23	23	1923	1923	4	04	Apr	April	A	19	19	Thu	Thursday
8520	23	23	1923	1923	4	04	Apr	April	A	29	29	Sun	Sunday
8530	23	23	1923	1923	5	05	May	May	M	9	09	Wed	Wednesday
8540	23	23	1923	1923	5	05	May	May	M	19	19	Sat	Saturday
8550	23	23	1923	1923	5	05	May	May	M	29	29	Tue	Tuesday
8560	23	23	1923	1923	6	06	Jun	June	J	8	08	Fri	Friday
8570	23	23	1923	1923	6	06	Jun	June	J	18	18	Mon	Monday
8580	23	23	1923	1923	6	06	Jun	June	J	28	28	Thu	Thursday
8590	23	23	1923	1923	7	07	Jul	July	J	8	08	Sun	Sunday
8600	23	23	1923	1923	7	07	Jul	July	J	18	18	Wed	Wednesday
8610	23	23	1923	1923	7	07	Jul	July	J	28	28	Sat	Saturday
8620	23	23	1923	1923	8	08	Aug	August	A	7	07	Tue	Tuesday
8630	23	23	1923	1923	8	08	Aug	August	A	17	17	Fri	Friday
8640	23	23	1923	1923	8	08	Aug	August	A	27	27	Mon	Monday
8650	23	23	1923	1923	9	09	Sep	September	S	6	06	Thu	Thursday
8660	23	23	1923	1923	9	09	Sep	September	S	16	16	Sun	Sunday
8670	23	23	1923	1923	9	09	Sep	September	S	26	26	Wed	Wednesday
8680	23	23	1923	1923	10	10	Oct	October	O	6	06	Sat	Saturday
8690	23	23	1923	1923	10	10	Oct	October	O	16	16	Tue	Tuesday
8700	23	23	1923	1923	10	10	Oct	October	O	26	26	Fri	Friday
8710	23	23	1923	1923	11	11	Nov	November	N	5	05	Mon	Monday
8720	23	23	1923	1923	11	11	Nov	November	N	15	15	Thu	Thursday
8730	23	23	1923	1923	11	11	Nov	November	N	25	25	Sun	Sunday
8740	23	23	1923	1923	12	12	Dec	December	D	5	05	Wed	Wednesday
8750	23	23	1923	1923	12	12	Dec	December	D	15	15	Sat	Saturday
8760	23	23	1923	1923	12	12	Dec	December	D	25	25	Tue	Tuesday
8770	24	24	1924	1924	1	01	Jan	January	J	4	04	Fri	Friday
8780	24	24	1924	1924	1	01	Jan	January	J	14	14	Mon	Monday
8790	24	24	1924	1924	1	01	Jan	January	J	24	24	Thu	Thursday
8800	24	24	1924	1924	2	02	Feb	February	F	3	03	Sun	Sunday
8810	24	24	1924	1924	2	02	Feb	February	F	13	13	Wed	Wednesday
8820	24	24	1924	1924	2	02	Feb	February	F	23	23	Sat	Saturday
8830	24	24	1924	1924	3	03	Mar	March	M	4	04	Tue	Tuesday
8840	24	24	1924	1924	3	03	Mar	March	M	14	14	Fri	Friday
8850	24	24	1924	1924	3	03	Mar	March	M	24	24	Mon	Monday
8860	24	24	1924	1924	4	04	Apr	April	A	3	03	Thu	Thursday
8870	24	24	1924	1924	4	04	Apr	April	A	13	13	Sun	Sunday
8880	24	24	1924	1924	4	04	Apr	April	A	23	23	Wed	Wednesday
8890	24	24	1924	1924	5	05	May	May	M	3	03	Sat	Saturday
8900	24	24	1924	1924	5	05	May	May	M	13	13	Tue	Tuesday
8910	24	24	1924	1924	5	05	May	May	M	23	23	Fri	Friday
8920	24	24	1924	1924	6	06	Jun	June	J	2	02	Mon	Monday
8930	24	24	1924	1924	6	06	Jun	June	J	12	12	Thu	Thursday
8940	24	24	1924	1924	6	06	Jun	June	J	22	22	Sun	Sunday
8950	24	24	1924	1924	7	07	Jul	July	J	2	02	Wed	Wednesday
8960	24	24	1924	1924	7	07	Jul	July	J	12	12	Sat	Saturday
8970	24	24	1924	1924	7	07	Jul	July	J	22	22	Tue	Tuesday
8980	24	24	1924	1924	8	08	Aug	August	A	1	01	Fri	Friday
8990	24	24	1924	1924	8	08	Aug	August	A	11	11	Mon	Monday
9000	24	24	1924	1924	8	08	Aug	August	A	21	21	Thu	Thursday
9010	24	24	1924	1924	8	08	Aug	August	A	31	31	Sun	Sunday
9020	24	24	1924	1924	9	09	Sep	September	S	10	10	Wed	Wednesday
9030	24	24	1924	1924	9	09	Sep	September	S	20	20	Sat	Saturday
9040	24	24	1924	1924	9	09	Sep	September	S	30	30	Tue	Tuesday
9050	24	24	1924	1924	10	10	Oct	October	O	10	10	Fri	Friday
9060	24	24	1924	1924	10	10	Oct	October	O	20	20	Mon	Monday
9070	24	24	1924	1924	10	10	Oct	October	O	30	30	Thu	Thursday
9080	24	24	1924	1924	11	11	Nov	November	N	9	09	Sun	Sunday
9090	24	24	1924	1924	11	11	Nov	November	N	19	19	Wed	Wednesday
9100	24	24	1924	1924	11	11	Nov	November	N	29	29	Sat	Saturday
9110	24	24	1924	1924	12	12	Dec	December	D	9	09	Tue	Tuesday
9120	24	24	1924	1924	12	12	Dec	December	D	19	19	Fri	Friday
9130	24	24	1924	1924	12	12	Dec	December	D	29	29	Mon	Monday
9140	25	25	1925	1925	1	01	Jan	January	J	8	08	Thu	Thursday
9150	25	25	1925	1925	1	01	Jan	January	J	18	18	Sun	Sunday
9160	25	25	1925	1925	1	01	Jan	January	J	28	28	Wed	Wednesday
9170	25	25	1925	1925	2	02	Feb	February	F	7	07	Sat	Saturday
9180	25	25	1925	1925	2	02	Feb	February	F	17	17	Tue	Tuesday
9190	25	25	1925	1925	2	02	Feb	February	F	27	27	Fri	Friday
9200	25	25	1925	1925	3	03	Mar	March	M	9	09	Mon	Monday
9210	25	25	1925	1925	3	03	Mar	March	M	19	19	Thu	Thursday
9220	25	25	1925	1925	3	03	Mar	March	M	29	29	Sun	Sunday
9230	25	25	1925	1925	4	04	Apr	April	A	8	08	Wed	Wednesday
9240	25	25	1925	1925	4	04	Apr	April	A	18	18	Sat	Saturday
9250	25	25	1925	1925	4	04	Apr	April	A	28	28	Tue	Tuesday
9260	25	25	1925	1925	5	05	May	May	M	8	08	Fri	Friday
9270	25	25	1925	1925	5	05	May	May	M	18	18	Mon	Monday
9280	25	25	1925	1925	5	05	May	May	M	28	28	Thu	Thursday
9290	25	25	1925	1925	6	06	Jun	June	J	7	07	Sun	Sunday
9300	25	25	1925	1925	6	06	Jun	June	J	17	17	Wed	Wednesday
9310	25	25	1925	1925	6	06	Jun	June	J	27	27	Sat	Saturday
9320	25	25	1925	1925	7	07	Jul	July	J	7	07	Tue	Tuesday
9330	25	25	1925	1925	7	07	Jul	July	J	17	17	Fri	Friday
9340	25	25	1925	1925	7	07	Jul	July	J	27	27	Mon	Monday
9350	25	25	1925	1925	8	08	Aug	August	A	6	06	Thu	Thursday
9360	25	25	1925	1925	8	08	Aug	August	A	16	16	Sun	Sunday
9370	25	25	1925	1925	8	08	Aug	August	A	26	26	Wed	Wednesday
9380	25	25	1925	1925	9	09	Sep	September	S	5	05	Sat	Saturday
9390	25	25	1925	1925	9	09	Sep	September	S	15	15	Tue	Tuesday
9400	25	25	1925	1925	9	09	Sep	September	S	25	25	Fri	Friday
9410	25	25	1925	1925	10	10	Oct	October	O	5	05	Mon	Monday
9420	25	25	1925	1925	10	10	Oct	October	O	15	15	Thu	Thursday
9430	25	25	1925	1925	10	10	Oct	October	O	25	25	Sun	Sunday
9440	25	25	1925	1925	11	11	Nov	November	N	4	04	Wed	Wednesday
9450	25	25	1925	1925	11	11	Nov	November	N	14	14	Sat	Saturday
9460	25	25	1925	1925	11	11	Nov	November	N	24	24	Tue	Tuesday
9470	25	25	1925	1925	12	12	Dec	December	D	4	04	Fri	Friday
9480	25	25	1925	1925	12	12	Dec	December	D	14	14	Mon	Monday
9490	25	25	1925	1925	12	12	Dec	December	D	24	24	Thu	Thursday
9500	26	26	1926	1926	1	01	Jan	January	J	3	03	Sun	Sunday
9510	26	26	1926	1926	1	01	Jan	January	J	13	13	Wed	Wednesday
9520	26	26	1926	1926	1	01	Jan	January	J	23	23	Sat	Saturday
9530	26	26	1926	1926	2	02	Feb	February	F	2	02	Tue	Tuesday
9540	26	26	1926	1926	2	02	Feb	February	F	12	12	Fri	Friday
9550	26	26	1926	1926	2	02	Feb	February	F	22	22	Mon	Monday
9560	26	26	1926	1926	3	03	Mar	March	M	4	04	Thu	Thursday
9570	26	26	1926	1926	3	03	Mar	March	M	14	14	Sun	Sunday
9580	26	26	1926	1926	3	03	Mar	March	M	24	24	Wed	Wednesday
9590	26	26	1926	1926	4	04	Apr	April	A	3	03	Sat	Saturday
9600	26	26	1926	1926	4	04	Apr	April	A	13	13	Tue	Tuesday
9610	26	26	1926	1926	4	04	Apr	April	A	23	23	Fri	Friday
9620	26	26	1926	1926	5	05	May	May	M	3	03	Mon	Monday
9630	26	26	1926	1926	5	05	May	May	M	13	13	Thu	Thursday
9640	26	26	1926	1926	5	05	May	May	M	23	23	Sun	Sunday
9650	26	26	1926	1926	6	06	Jun	June	J	2	02	Wed	Wednesday
9660	26	26	1926	1926	6	06	Jun	June	J	12	12	Sat	Saturday
9670	26	26	1926	1926	6	06	Jun	June	J	22	22	Tue	Tuesday
9680	26	26	1926	1926	7	07	Jul	July	J	2	02	Fri	Friday
9690	26	26	1926	1926	7	07	Jul	July	J	12	12	Mon	Monday
9700	26	26	1926	1926	7	07	Jul	July	J	22	22	Thu	Thursday
9710	26	26	1926	1926	8	08	Aug	August	A	1	01	Sun	Sunday
9720	26	26	1926	1926	8	08	Aug	August	A	11	11	Wed	Wednesday
9730	26	26	1926	1926	8	08	Aug	August	A	21	21	Sat	Saturday
9740	26	26	1926	1926	8	08	Aug	August	A	31	31	Tue	Tuesday
9750	26	26	1926	1926	9	09	Sep	September	S	10	10	Fri	Friday
9760	26	26	1926	1926	9	09	Sep	September	S	20	20	Mon	Monday
9770	26	26	1926	1926	9	09	Sep	September	S	30	30	Thu	Thursday
9780	26	26	1926	1926	10	10	Oct	October	O	10	10	Sun	Sunday
9790	26	26	1926	1926	10	10	Oct	October	O	20	20	Wed	Wednesday
9800	26	26	1926	1926	10	10	Oct	October	O	30	30	Sat	Saturday
9810	26	26	1926	1926	11	11	Nov	November	N	9	09	Tue	Tuesday
9820	26	26	1926	1926	11	11	Nov	November	N	19	19	Fri	Friday
9830	26	26	1926	1926	11	11	Nov	November	N	29	29	Mon	Monday
9840	26	26	1926	1926	12	12	Dec	December	D	9	09	Thu	Thursday
9850	26	26	1926	1926	12	12	Dec	December	D	19	19	Sun	Sunday
9860	26	26	1926	1926	12	12	Dec	December	D	29	29	Wed	Wednesday
9870	27	27	1927	1927	1	01	Jan	January	J	8	08	Sat	Saturday
9880	27	27	1927	1927	1	01	Jan	January	J	18	18	Tue	Tuesday
9890	27	27	1927	1927	1	01	Jan	January	J	28	28	Fri	Friday
9900	27	27	1927	1927	2	02	Feb	February	F	7	07	Mon	Monday
9910	27	27	1927	1927	2	02	Feb	February	F	17	17	Thu	Thursday
9920	27	27	1927	1927	2	02	Feb	February	F	27	27	Sun	Sunday
9930	27	27	1927	1927	3	03	Mar	March	M	9	09	Wed	Wednesday
9940	27	27	1927	1927	3	03	Mar	March	M	19	19	Sat	Saturday
9950	27	27	1927	1927	3	03	Mar	March	M	29	29	Tue	Tuesday
9960	27	27	1927	1927	4	04	Apr	April	A	8	08	Fri	Friday
9970	27	27	1927	1927	4	04	Apr	April	A	18	18	Mon	Monday
9980	27	27	1927	1927	4	04	Apr	April	A	28	28	Thu	Thursday
9990	27	27	1927	1927	5	05	May	May	M	8	08	Sun	Sunday
